,total,dead,percent
GASTROINTESTINAL,458,45,0.0982532751091703
BLEED,1454,156,0.10729023383768914
ESOPHAGEAL,131,17,0.1297709923664122
IMPACTION,7,1,0.14285714285714285
UPPER,526,50,0.09505703422053231
GI,1345,93,0.0691449814126394
ABDOMINAL,503,67,0.13320079522862824
PAIN,1114,95,0.08527827648114901
LEFT,497,16,0.03219315895372234
LUNG,114,13,0.11403508771929824
CANCER/SDA,132,6,0.045454545454545456
ASTHMA;COPD,132,6,0.045454545454545456
EXACERBATION,226,13,0.05752212389380531
PULMONARY,288,25,0.08680555555555555
EMBOLISM,53,4,0.07547169811320754
STROKE;TELEMETRY;TRANSIENT,233,43,0.18454935622317598
ISCHEMIC,320,60,0.1875
ATTACK,265,48,0.1811320754716981
ACUTE,614,97,0.15798045602605862
SUBDURAL,346,41,0.11849710982658959
HEMATOMA,369,43,0.11653116531165311
CORONARY,1444,35,0.024238227146814405
ARTERY,1352,23,0.017011834319526627
STENOSIS,648,13,0.020061728395061727
CHEST,666,31,0.046546546546546545
MITRAL,290,3,0.010344827586206896
VALVE,560,7,0.0125
DISORDER\MITRAL,36,1,0.027777777777777776
REPLACEMENT,534,6,0.011235955056179775
FRACTURES,51,7,0.13725490196078433
ST,5534,579,0.10462594868088182
ELEVATED,134,12,0.08955223880597014
MYOCARDIAL,366,27,0.07377049180327869
INFARCTION,365,27,0.07397260273972603
DISEASE,1318,39,0.02959028831562974
PNEUMONIA,1127,201,0.17834960070984915
CA/SDA,71,3,0.04225352112676056
WEAKNESS,115,12,0.10434782608695652
ALTERED,520,65,0.125
MENTAL,550,71,0.1290909090909091
STATUS,610,78,0.12786885245901639
FEVER,397,42,0.10579345088161209
RENAL,460,76,0.16521739130434782
S/P,544,88,0.16176470588235295
FALL,293,47,0.16040955631399317
C,11523,1141,0.09901935259914953
SEPSIS,656,138,0.21036585365853658
BLUNT,134,6,0.04477611940298507
TRAUMA,283,30,0.10600706713780919
CEREBRAL,79,3,0.0379746835443038
ANEURYSM/SDA,155,5,0.03225806451612903
CONGESTIVE,657,81,0.1232876712328767
HEART,922,90,0.09761388286334056
MYELOGENOUS,14,3,0.21428571428571427
TYLENOL,42,1,0.023809523809523808
OVERDOSE,150,3,0.02
ENDOCARDITIS,62,5,0.08064516129032258
ATRIAL,216,13,0.06018518518518518
VEIN,69,4,0.057971014492753624
,20885,2345,0.11228154177639454
**REMOTE,69,1,0.014492753623188406
WEST**/SDA,45,1,0.022222222222222223
BRADYCARDIA,92,2,0.021739130434782608
PANCREATIC,62,5,0.08064516129032258
MASS/SDA,102,5,0.049019607843137254
INTRACRANIAL,480,148,0.30833333333333335
HEMORRHAGE,855,215,0.25146198830409355
BRAIN,271,11,0.04059040590405904
TUMOR/SDA,86,1,0.011627906976744186
BACTEREMIA,21,4,0.19047619047619047
HEADACHE,53,1,0.018867924528301886
FAILURE,1373,223,0.16241806263656228
SEPTIC,52,10,0.19230769230769232
RIGHT,355,17,0.04788732394366197
HIP,127,1,0.007874015748031496
DISEASE\CORONARY,505,9,0.01782178217821782
BYPASS,710,8,0.011267605633802818
GRAFT,714,9,0.012605042016806723
/SDA,2500,68,0.0272
PROCEDURE,92,2,0.021739130434782608
OD,148,8,0.05405405405405406
A.,4,1,0.25
FLUTTER,17,2,0.11764705882352941
PYELONEPHRITIS,150,11,0.07333333333333333
SYNCOPE;TELEMETRY,50,2,0.04
STRUCK,39,3,0.07692307692307693
AORTIC,834,42,0.050359712230215826
IMPLANT,48,3,0.0625
EPIDURAL,46,4,0.08695652173913043
PERICARDIAL,80,4,0.05
TAMPONADE,27,3,0.1111111111111111
CATH,561,13,0.023172905525846704
UROSEPSIS,63,2,0.031746031746031744
RESPIRATORY,241,41,0.17012448132780084
INSUFFICIENCY,98,2,0.02040816326530612
INTRAPARENCHYMAL,72,17,0.2361111111111111
URINARY,206,17,0.0825242718446602
TRACT,228,17,0.07456140350877193
INFECTION;PYELONEPHRITIS,102,7,0.06862745098039216
HYPOTENSION,364,51,0.1401098901098901
PLACEMENT,582,7,0.012027491408934709
DESCENDING,15,1,0.06666666666666667
LOWER,421,26,0.06175771971496437
FAILURE;TELEMETRY,22,5,0.22727272727272727
PACEMAKER,30,3,0.1
DISTRESS,94,12,0.1276595744680851
CARDIAC,419,77,0.18377088305489261
ARREST,227,103,0.45374449339207046
NON-ST,87,3,0.034482758620689655
SEGMENT,114,5,0.043859649122807015
ELEVATION,162,7,0.043209876543209874
REDO,77,6,0.07792207792207792
R/O,53,6,0.11320754716981132
FLUID,15,3,0.2
COPD,220,13,0.05909090909090909
DISSECTION,97,12,0.12371134020618557
EPILEPTICUS,18,2,0.1111111111111111
CATHERIZATION,9,1,0.1111111111111111
IDIOPATHIC,7,1,0.14285714285714285
THROMBOCYTOPENIC,6,2,0.3333333333333333
WOUND,105,9,0.08571428571428572
INFECTION,299,27,0.0903010033444816
ACCIDENT,187,15,0.08021390374331551
WITH,439,12,0.02733485193621868
MULTIPLE,24,10,0.4166666666666667
FX,50,3,0.06
DIABETIC,245,2,0.00816326530612245
KETOACIDOSIS,245,2,0.00816326530612245
BOWEL,157,22,0.14012738853503184
OBSTRUCTION,195,18,0.09230769230769231
SUBARACHNOID,254,39,0.15354330708661418
MOTOR,164,10,0.06097560975609756
VEHICLE,155,9,0.05806451612903226
BILIARY,26,5,0.19230769230769232
DYSPNEA,208,35,0.16826923076923078
MASS,377,21,0.05570291777188329
NECK,34,3,0.08823529411764706
ABSCESS,76,3,0.039473684210526314
ANEMIA,152,22,0.14473684210526316
?,319,16,0.050156739811912224
MYELOMA\BONE,8,8,1.0
MARROW,25,15,0.6
TRANSPLANT,69,18,0.2608695652173913
ANGINA,105,1,0.009523809523809525
V,3750,313,0.08346666666666666
VT,39,7,0.1794871794871795
CLOT,16,4,0.25
BACK,39,4,0.10256410256410256
TRACH,115,4,0.034782608695652174
BLEEDING,55,2,0.03636363636363636
STENOSIS\AORTIC,204,2,0.00980392156862745
VAVLE,4,1,0.25
REPLACEMENT;,69,2,0.028985507246376812
VENTRICULAR,143,15,0.1048951048951049
FIBRILLATION,161,14,0.08695652173913043
&,41,4,0.0975609756097561
MAZE,84,1,0.011904761904761904
ASCENDING,82,1,0.012195121951219513
AORTA,83,2,0.024096385542168676
AVR,188,3,0.015957446808510637
SYNDROME,188,24,0.1276595744680851
DEHYDRATION,86,17,0.19767441860465115
LUPUS,4,1,0.25
SPLENIC,37,2,0.05405405405405406
LACERATION,55,2,0.03636363636363636
GASTRIC,33,7,0.21212121212121213
RECTAL,36,2,0.05555555555555555
FAILURE;,290,57,0.19655172413793104
HYPOXIA,115,32,0.2782608695652174
CHF,34,3,0.08823529411764706
CHOLANGITIS,87,12,0.13793103448275862
PAIN;TELEMETRY,82,7,0.08536585365853659
PANCREATITIS,202,29,0.14356435643564355
STROKE,416,82,0.1971153846153846
HEAD,195,27,0.13846153846153847
SDH,13,3,0.23076923076923078
AND,164,7,0.042682926829268296
FEMUR,53,6,0.11320754716981132
NAUSEA;VOMITING,16,3,0.1875
HANGING,8,4,0.5
LIVER,282,50,0.1773049645390071
METASTATIC,61,11,0.18032786885245902
CELL,217,23,0.10599078341013825
SHORTNESS,152,23,0.1513157894736842
OF,263,32,0.12167300380228137
CATHETERIZATION,156,1,0.00641025641025641
HYPONATREMIA,101,12,0.1188118811881188
ANKLE,20,1,0.05
MAIN,24,2,0.08333333333333333
CEREBELLAR,28,2,0.07142857142857142
STEMI,108,8,0.07407407407407407
CHRONIC,152,11,0.07236842105263158
OBST,318,29,0.09119496855345911
PULM,386,35,0.09067357512953368
DISEASE;CONGESTIVE,9,1,0.1111111111111111
LEG,55,13,0.23636363636363636
NON,184,9,0.04891304347826087
LYMPHOMA,47,17,0.3617021276595745
SWELLING,17,2,0.11764705882352941
ETOH,138,5,0.036231884057971016
FAILURE;ATRIAL,7,4,0.5714285714285714
FIBRILLATION\BIVENTRICULAR,2,1,0.5
INFARCTION\CORONARY,6,1,0.16666666666666666
INTERVENTION,17,1,0.058823529411764705
PERFORATED,39,4,0.10256410256410256
FAILURE;LIVER,4,2,0.5
STROKE;TELEMETRY,282,54,0.19148936170212766
KNEE,41,2,0.04878048780487805
PNEUMONIA;CONGESTIVE,7,1,0.14285714285714285
INCARCERATED,7,2,0.2857142857142857
HERNIA,77,7,0.09090909090909091
HUMAN,2,1,0.5
IMMUNODEFIENCY,2,1,0.5
VIRUS;GASTROINTESTINAL,1,1,1.0
SDH/SAH,3,1,0.3333333333333333
FRACTURE,334,24,0.0718562874251497
STAB,73,5,0.0684931506849315
TRANSIENT,265,48,0.1811320754716981
SHOCK,59,18,0.3050847457627119
A,17351,1943,0.11198201832747393
ASCITES,45,17,0.37777777777777777
Q,64,5,0.078125
WAVE,17,3,0.17647058823529413
INFARCTION\CATH,30,4,0.13333333333333333
ANEURYSM,296,20,0.06756756756756757
CERVICAL,42,2,0.047619047619047616
HARDWARE,9,1,0.1111111111111111
UNRESPONSIVE,31,2,0.06451612903225806
TRICUSPIC,4,1,0.25
SEPTAL,25,1,0.04
AV,290,11,0.03793103448275862
TACHYCARDIA,132,9,0.06818181818181818
SMALL,61,8,0.13114754098360656
ENCEPHALOPATHY,51,8,0.1568627450980392
CIRRHOSIS;PANCREATITIS,4,2,0.5
GANGRENE,31,4,0.12903225806451613
ARM,29,1,0.034482758620689655
TIPS,6,4,0.6666666666666666
EVALUATION;ANEMIA,1,1,1.0
"FRACTURE,",3,1,0.3333333333333333
SEIZURE,252,22,0.0873015873015873
RECURRENT,29,7,0.2413793103448276
LEUKEMIA,75,27,0.36
CHANGE,45,9,0.2
EDEMA,109,2,0.01834862385321101
PLEURAL,113,27,0.23893805309734514
EFFUSION,184,31,0.16847826086956522
COCAINE,5,1,0.2
CHOLECYSTITIS,67,7,0.1044776119402985
ABLATION,60,3,0.05
CAROTID,73,1,0.0136986301369863
STENOSIS/SDA,60,2,0.03333333333333333
ASTHMA/COPD,43,3,0.06976744186046512
MESENTERIC,13,1,0.07692307692307693
ISCHEMIA,44,6,0.13636363636363635
OPEN,87,15,0.1724137931034483
AVR;,30,1,0.03333333333333333
ASPIRATION,26,4,0.15384615384615385
DISEASE;,157,4,0.025477707006369428
T10,4,1,0.25
ASTHMA;CHRONIC,48,2,0.041666666666666664
NEW,39,8,0.20512820512820512
CELLULITIS,139,13,0.09352517985611511
MESINTERIC,2,1,0.5
CHOLANGIO,29,3,0.10344827586206896
CARCINOMA/SDA,39,9,0.23076923076923078
PNEUMONIA;TELEMETRY,11,5,0.45454545454545453
STROKE/TIA,58,15,0.25862068965517243
BREATH;AORTIC,4,1,0.25
DISEASE/CABG,1,1,1.0
HYPERGLYCEMIA,57,2,0.03508771929824561
"TUMOR,",2,1,0.5
SEIZURES,50,7,0.14
INTRAVENTRICULAR,6,1,0.16666666666666666
CANCER,249,34,0.13654618473895583
VFIB,6,1,0.16666666666666666
VOMITING;DEHYDRATION,2,1,0.5
JAUNDICE,35,5,0.14285714285714285
STROKE;TIA,13,2,0.15384615384615385
HYPOGLYCEMIA,52,5,0.09615384615384616
SPINE,40,6,0.15
UNSTABLE,38,1,0.02631578947368421
TO,1763,167,0.09472490073737946
"BLEED,",4,2,0.5
CA,2193,204,0.09302325581395349
REPLACEMENT/SDA,24,1,0.041666666666666664
THROMBOSIS,33,5,0.15151515151515152
SHOULDER,12,3,0.25
URETERAL,10,1,0.1
BLOCK,50,2,0.04
EXTREMITY,42,3,0.07142857142857142
ULCER/SDA,3,2,0.6666666666666666
MVR,68,1,0.014705882352941176
PED,36,3,0.08333333333333333
METASTASIS,17,2,0.11764705882352941
NODULE/SDA,15,1,0.06666666666666667
PMEUMONIA,5,1,0.2
FAILURE;PNEUMONIA,24,7,0.2916666666666667
SEZIURE,6,1,0.16666666666666666
OUT,57,4,0.07017543859649122
THRIVE,29,4,0.13793103448275862
OSTEOMYELITIS,17,1,0.058823529411764705
BILATERAL,60,6,0.1
EMBOLIS,124,14,0.11290322580645161
WITHDRAWAL,131,4,0.030534351145038167
NECROTIZING,16,2,0.125
FAILURE\BIVENTRICULAR,7,1,0.14285714285714285
VOMITTING,1,1,1.0
CONFUSION,11,5,0.45454545454545453
HEPATACELLULAR,4,4,1.0
SEPSIS;,54,12,0.2222222222222222
HEMORRHAGE;SUBARACHNOID,3,2,0.6666666666666666
HEMATOMA;FALL,2,2,1.0
FOOT;RENAL,2,2,1.0
INSUFFIENCY,17,2,0.11764705882352941
ON,6840,652,0.09532163742690059
UNSPECIFIED,36,1,0.027777777777777776
FROM,7,1,0.14285714285714285
FEMORAL,18,1,0.05555555555555555
ILEUS,4,2,0.5
DYSPHASIA,3,1,0.3333333333333333
RHABDO,19,1,0.05263157894736842
FOOT,55,6,0.10909090909090909
SYNCOPE,104,4,0.038461538461538464
PNEUMONIA;PULMONARY,2,2,1.0
SEVERE,34,3,0.08823529411764706
THORACIC,56,3,0.05357142857142857
(AML),12,2,0.16666666666666666
VENOUS,9,1,0.1111111111111111
MENINGIOMA/SDA,26,1,0.038461538461538464
BRONCHIAL,23,2,0.08695652173913043
ADENOCARCINOMA/SDA,4,2,0.5
CORD,41,5,0.12195121951219512
INJURY,46,4,0.08695652173913043
FAILURE;HYPOTENSION,9,1,0.1111111111111111
BREATH,152,23,0.1513157894736842
MYELOFIBROSIS\BONE,4,4,1.0
HYPERKALEMIA,84,9,0.10714285714285714
INJURIES,40,1,0.025
CEREBROVASCULAR,24,4,0.16666666666666666
RUPTURE,32,7,0.21875
ANGIOGRAM,54,1,0.018518518518518517
KIDNEY,44,3,0.06818181818181818
SPINAL,51,2,0.0392156862745098
ICH,26,4,0.15384615384615385
HERNIATION,6,1,0.16666666666666666
LYMPHOBLASTIC,2,2,1.0
OVARIAN,19,1,0.05263157894736842
LINE,16,1,0.0625
STORM,6,1,0.16666666666666666
MI,2111,253,0.11984841307437233
HEMORRHAGE;ACUTE,9,2,0.2222222222222222
RULE-OUT,11,1,0.09090909090909091
INFARCTION;TELEMETRY,10,1,0.1
IN,4645,491,0.10570505920344457
WALL,15,2,0.13333333333333333
REACTION,8,1,0.125
SOB,22,6,0.2727272727272727
END,284,16,0.056338028169014086
STAGE,32,4,0.125
INFARCTION\CARDIAC,49,3,0.061224489795918366
POST,101,16,0.15841584158415842
FAILURE;URINARY,4,1,0.25
HEMATOMA;TELEMETRY,5,2,0.4
BREAST,16,2,0.125
COLITIS,59,8,0.13559322033898305
AORTA/SDA,7,1,0.14285714285714285
CHANGES,31,6,0.1935483870967742
HEMOPTYSIS,65,5,0.07692307692307693
TACHYCARDIA\VENTRICULAR,17,1,0.058823529411764705
HYPERTENSIVE,44,1,0.022727272727272728
BLEED;URINARY,2,1,0.5
INFECTION;PNEUMONIA,4,3,0.75
DISEASE\CATH,29,1,0.034482758620689655
AIRWAY,56,4,0.07142857142857142
STROKE;TRANSIENT,15,2,0.13333333333333333
ASYSTOLIC,2,2,1.0
ABNORMAL,23,4,0.17391304347826086
NEUTROPENIA;ANEMIA,1,1,1.0
POLYTRAUMA,37,7,0.1891891891891892
UTI/PYELONEPHRITIS,20,1,0.05
T,14328,1496,0.1044109436069235
ENDOSCOPIC,20,2,0.1
RETROGRADE,15,2,0.13333333333333333
CHOLANGIOPANCREATOGRAPHY,15,2,0.13333333333333333
W/,60,5,0.08333333333333333
TUBE,14,2,0.14285714285714285
STATUS;,34,4,0.11764705882352941
METASTATIS,1,1,1.0
COLON,49,7,0.14285714285714285
CHOLEDOCHOLITHIASIS\ERCP,3,1,0.3333333333333333
AICD,8,1,0.125
HYPOTENSION;RESPIRATORY,1,1,1.0
MELENA,7,2,0.2857142857142857
DIVERTICULITIS,31,5,0.16129032258064516
INFERIOR,9,3,0.3333333333333333
ST-SEGMENT,23,1,0.043478260869565216
PELVIC,44,3,0.06818181818181818
FIB,263,23,0.08745247148288973
COAGULOPATHIC,2,2,1.0
CIRRHOSIS;ETOH,4,1,0.25
ARREST;TELEMETRY,2,1,0.5
POSTERIOR,10,3,0.3
HEPATORENAL,18,9,0.5
POST-ARREST,1,1,1.0
THROMBOCYTOPENIA,19,4,0.21052631578947367
PULSELESS,6,3,0.5
ELECTRICAL,2,1,0.5
ACTIVITY,1,1,1.0
PNEUMONIA;BRONCHIECTASIS,1,1,1.0
INFECTED,33,6,0.18181818181818182
SIDED,18,2,0.1111111111111111
HYPERCALCEMIA,6,2,0.3333333333333333
AROTIC,3,1,0.3333333333333333
URGENCY,21,1,0.047619047619047616
RULE,39,3,0.07692307692307693
PERITONITIS,15,4,0.26666666666666666
PNEUMONIA;LIVER,2,1,0.5
FAILURE;RENAL,9,4,0.4444444444444444
MALIGNANT,18,2,0.1111111111111111
ILIAC,6,1,0.16666666666666666
DISEASE/SDA,12,1,0.08333333333333333
FALLS,4,1,0.25
NENTAL,1,1,1.0
PNEUMONIA;HYPOXIA,4,2,0.5
FOSSA,4,1,0.25
IPH,20,2,0.1
MELANOMA,22,2,0.09090909090909091
ESOPAGEAL,1,1,1.0
CARDIOMYOPATHY;VENTRICULAR,3,1,0.3333333333333333
COMPRESSION,31,5,0.16129032258064516
FLARE,14,1,0.07142857142857142
COMMON,13,1,0.07692307692307693
BILE,35,2,0.05714285714285714
DUCT,27,2,0.07407407407407407
STONES,12,1,0.08333333333333333
VASCULAR,60,9,0.15
FAILURE;RESPIRATORY,7,2,0.2857142857142857
N,14667,1545,0.10533851503374923
CABG,11,2,0.18181818181818182
ATHEROSCLEROSIS,12,2,0.16666666666666666
PNEUMONIA;RAF,1,1,1.0
CANCER;,30,8,0.26666666666666666
PERFORATION,26,2,0.07692307692307693
MENINGITIS,29,2,0.06896551724137931
PAIN;,208,13,0.0625
CARDIOGENIC,14,3,0.21428571428571427
EFFUSIONS,8,2,0.25
FAILURE;HYPERTENSION,1,1,1.0
EFFUSION;SHORTNESS,1,1,1.0
TRACHEAL,39,2,0.05128205128205128
BREATH;TELEMETRY,3,1,0.3333333333333333
SIGMOID,13,1,0.07692307692307693
HEMORRHAGIC,10,4,0.4
HEMORRHAGE;TELEMETRY,12,5,0.4166666666666667
BRADYCADIA,1,1,1.0
HYPOKALEMIA;DIABETIC,1,1,1.0
ULCER,53,8,0.1509433962264151
EFFUSION;HYPOXIA,4,1,0.25
PAIN;ELEVATED,4,1,0.25
CREATININE,5,2,0.4
STEMI\CARDIAC,5,1,0.2
CAD,32,2,0.0625
TACHYARRHYTHMIA,1,1,1.0
"UTI,",2,1,0.5
OBSTRUCTIVE,21,3,0.14285714285714285
MYELOID,4,2,0.5
LEUKEMIA\BONE,3,2,0.6666666666666666
FAILURE;LUNG,2,1,0.5
FISTULA,32,3,0.09375
DIARRHEA,32,8,0.25
VF,11,2,0.18181818181818182
OBSTRUCTION;CHRONIC,1,1,1.0
DVT,13,3,0.23076923076923078
MEDIASTINAL,14,1,0.07142857142857142
ALVEOLAR,4,1,0.25
FAILURE/SDA,18,1,0.05555555555555555
ANEURYSM;,8,1,0.125
NO,1398,90,0.06437768240343347
RUPTURE/SDA,1,1,1.0
PNEUMONIA;HEART,3,1,0.3333333333333333
PNA/SEPSIS,1,1,1.0
"JAUNDICE,",3,1,0.3333333333333333
HODGKINS,5,1,0.2
SEPSIS;HEMOLYSIS,1,1,1.0
UGIB,15,2,0.13333333333333333
HEMATURIA,18,3,0.16666666666666666
ARTERIAL,12,2,0.16666666666666666
ALCOHOLIC,8,4,0.5
OVERLOAD;RENAL,1,1,1.0
LAMINECTOMY,2,2,1.0
LYMPHATIC,2,1,0.5
HEPATIC,56,12,0.21428571428571427
FALL;HYPOXIA;DEHYDRATION;N/V/D,2,2,1.0
EMBOLUS,32,3,0.09375
STRICTURE/SDA,7,2,0.2857142857142857
RETROPERITONEAL,26,4,0.15384615384615385
CRITICAL,10,3,0.3
HYPOTENSION;ACUTE,3,1,0.3333333333333333
C2,11,1,0.09090909090909091
HEPATICOCELLULAR,4,1,0.25
HEMMORRHAGE,1,1,1.0
PNA,33,6,0.18181818181818182
SPONTANEOUS,12,2,0.16666666666666666
BACTERIAL,12,2,0.16666666666666666
ABD,538,76,0.1412639405204461
DISORDER\REDO,4,1,0.25
CARCINOMA,71,14,0.19718309859154928
GVH,1,1,1.0
PNEMONIA,4,1,0.25
BLEED;TELEMETRY,16,1,0.0625
VOLVULUS,11,1,0.09090909090909091
FAILURE;AORTIC,15,2,0.13333333333333333
PEDESTRIAN,26,2,0.07692307692307693
PCA,1,1,1.0
CBD,5,1,0.2
HEMOTHORAX,20,4,0.2
MS,21,3,0.14285714285714285
MALAISE,5,2,0.4
AF,766,13,0.016971279373368148
HEMORRHAGE;SEIZURE;TACHYCARDIA,1,1,1.0
BLADDER,33,1,0.030303030303030304
HERION,1,1,1.0
INCREASED,4,1,0.25
"PAIN,",6,1,0.16666666666666666
HEPATITIS,30,6,0.2
CHEMO,24,2,0.08333333333333333
NEUTROPENIC,10,3,0.3
PNEUMONIA;,137,36,0.26277372262773724
AMS;,1,1,1.0
CVA,5,2,0.4
OCCLUSION,9,3,0.3333333333333333
ACETABULAR,4,1,0.25
FIBRILLATION;TELEMETRY,16,1,0.0625
SAH,25,6,0.24
STENOSIS;RENAL,2,1,0.5
HEEL,2,2,1.0
ULCERS,8,3,0.375
NEOPLASM,18,1,0.05555555555555555
UTI;PYLONEPHRITIS,2,2,1.0
DISECTION,7,1,0.14285714285714285
ANGIOGRAPHY,8,1,0.125
INTRAABDOMINAL,2,1,0.5
WOUNDS,9,1,0.1111111111111111
PNEUMONIA;SEPSIS,8,2,0.25
TRAUMATIC,19,5,0.2631578947368421
HEMORRHAGE;INTUBATED,1,1,1.0
THROMBOSIS;PULMONARY,6,3,0.5
HEMORRHAGE;SKULL,3,1,0.3333333333333333
VOMITING,59,5,0.0847457627118644
ARTERAL,2,1,0.5
FTT;ABDOMINAL,2,2,1.0
DISTENSION,4,2,0.5
HYDROTHORAX,5,1,0.2
COMPRESSION/SDA,2,2,1.0
NEUTROPENIA,23,4,0.17391304347826086
HEPATOCELLULAR,11,3,0.2727272727272727
BRADYCARDIA;TELEMETRY,2,1,0.5
HYPOTENSION/UNCLEAER,1,1,1.0
ETIOLOGY,8,1,0.125
PNEUMONIA;CHEST,2,1,0.5
RESECTION;,6,5,0.8333333333333334
?ISCHEMIA,2,2,1.0
CIRRHOSIS,73,22,0.3013698630136986
FALL;TELEMETRY,6,1,0.16666666666666666
C5,10,1,0.1
RUPTURED,8,5,0.625
FLANK,6,1,0.16666666666666666
INTRACEREBRAL,3,1,0.3333333333333333
CENTRAL,15,1,0.06666666666666667
BLEED;ACUTE,4,1,0.25
MALNUTRITION,7,4,0.5714285714285714
DYSPHAGIA,12,1,0.08333333333333333
HYPONATREMIA;ESOPHAGEAL,1,1,1.0
CA;PULMONARY,1,1,1.0
CHOLECYSTITIS;CHOLELITHIASIS,1,1,1.0
DISORDER,72,3,0.041666666666666664
RESP,287,49,0.17073170731707318
FEVER;RASH,2,1,0.5
INFECTION;SEPSIS,2,1,0.5
ACIDEMIA;,1,1,1.0
ELECTROLYTE,3,2,0.6666666666666666
ABNORMALITIES,3,2,0.6666666666666666
SIDE,24,3,0.125
SEPSIS;ILEUS;RESPIRATORY,1,1,1.0
PNEUMONIA;DEEP,4,4,1.0
THROMBOSIS;ACUTE,1,1,1.0
INFILTRATE,2,1,0.5
AAA,13,3,0.23076923076923078
RESECTION;CDIFFCOLITIS;LIVE,3,3,1.0
LIST,8,3,0.375
3RD,5,1,0.2
PNEUMONIA;CHRONIC,5,1,0.2
AMC,3,3,1.0
"FAILURE,",8,4,0.5
TAMPONADE;PLEURAL,1,1,1.0
CANCER;AIRWAY,2,1,0.5
MULTIFOCAL,6,1,0.16666666666666666
C1,5,2,0.4
STATUS;TELEMETRY,4,2,0.5
HERNIA;SMALL,2,1,0.5
FAILURE;VT,1,1,1.0
LIVER/SDA,11,4,0.36363636363636365
PERIPHERAL,14,1,0.07142857142857142
SEROTONIN,3,1,0.3333333333333333
UNCERTAIN,2,1,0.5
BEHAVIOR,1,1,1.0
OTHER,35,1,0.02857142857142857
HEMATOPOIETIC,1,1,1.0
TISSUES\BONE,1,1,1.0
PNEUMONIA;PLEURAL,3,1,0.3333333333333333
TROPONIN\CARDIAC,4,2,0.5
"CANCER,",1,1,1.0
"DIARRHEA,",1,1,1.0
NEUTRUPENIA,1,1,1.0
FRACTURES;,7,3,0.42857142857142855
CP;,6,5,0.8333333333333334
GUNSHOT,9,1,0.1111111111111111
STEM,122,10,0.08196721311475409
TUMOR;HYPERNATREMIA;ALTERED,1,1,1.0
STROKE;TELEMETRY;TELEMETRY,11,1,0.09090909090909091
(TIA),5,1,0.2
EXACERBATION;CONGESTIVE,1,1,1.0
HYPOXEMIA,2,1,0.5
FIBRILLATION\CARDIOVERSION,1,1,1.0
ENCEP,63,13,0.20634920634920634
MASS\EUS,4,3,0.75
FRACTURE;FALL,1,1,1.0
PEA,10,6,0.6
HEMORRHAGE;GI,1,1,1.0
FEVERS,11,2,0.18181818181818182
DIARRHEA/TACHYCARDIA,1,1,1.0
RP,15,3,0.2
BLEED/,8,3,0.375
PANCREATITIS;ACUTE,2,1,0.5
THROMBOCYTOPENIA;NEUTROPENIA,1,1,1.0
THROMBUS,13,2,0.15384615384615385
PAROTID,5,1,0.2
FAILURE;SEPSIS,4,3,0.75
ADENOCARCINOMA,10,4,0.4
UTL/PYLELONEPHRITIS,2,2,1.0
POLY,75,8,0.10666666666666667
TOXIC,68,1,0.014705882352941176
SEPSIS;RENAL,2,1,0.5
ANEMIA;HYPONATREMIA;CELLULITIS,1,1,1.0
METASTIC,1,1,1.0
MELANOMA;ANEMIA,1,1,1.0
INFECTION;GASTROINTESTINAL,1,1,1.0
SYNDROME;STATUS,1,1,1.0
EPILLECTUS,1,1,1.0
ULCER;IV,2,2,1.0
ANTIBIOTICS,2,2,1.0
HYPOTENSION/,2,2,1.0
OSTEOMYLITIS,4,1,0.25
PANCYTOPENIA,8,2,0.25
KYPHO/SCOLIOSIS;,1,1,1.0
INTRAMURAL,2,1,0.5
SDHS,1,1,1.0
INTRA-ABDOMINAL,4,2,0.5
SARCOMA/SDA,4,2,0.5
ANEURYSM\RESECTION,3,1,0.3333333333333333
PALSY,2,1,0.5
MULTI,45,15,0.3333333333333333
ORGAN,1,1,1.0
LEAKING,3,2,0.6666666666666666
FAILURE;HEPATIC,2,1,0.5
HEMOPERITONEUM,7,1,0.14285714285714285
FOUND,7,1,0.14285714285714285
NASOPHARYNGEAL,1,1,1.0
PNEUMONIA;ACUTE,6,3,0.5
LEUKOCYTOSIS,7,3,0.42857142857142855
HEMORRHAGE;SUBDURAL,1,1,1.0
FRACTURE;RAF,1,1,1.0
RESPITORY,6,4,0.6666666666666666
EVALUATION,6,2,0.3333333333333333
ANEMIA;PERICARDIAL,1,1,1.0
"TRAUMA,",2,1,0.5
FEVER;NEUTROPENIA,4,1,0.25
COFFEE,2,1,0.5
GROUND,2,1,0.5
EMESIS,11,2,0.18181818181818182
TRAUM,284,31,0.10915492957746478
STOKE;TRANSIENT,3,2,0.6666666666666666
INTERCRANIAL,5,1,0.2
"CHANGE,",2,2,1.0
VASCULITIS,1,1,1.0
SEPSIS;TELEMETRY,8,1,0.125
PNEUMONIA;PANCREATIC,1,1,1.0
AMC;FEVER,2,2,1.0
GROIN,7,3,0.42857142857142855
BLEED;CP;TELEMETRY,3,3,1.0
NERVE,4,1,0.25
CLAUDICATION/SDA,11,2,0.18181818181818182
GTUBE,1,1,1.0
IMPLANT/SDA,9,2,0.2222222222222222
SINUS,10,1,0.1
HEMORRHAGE;C1,1,1,1.0
HYPOGLYCEMIA;HYPOXIA,1,1,1.0
AC,4498,525,0.1167185415740329
HYPERTHERMIA,3,1,0.3333333333333333
FAILURE;COMPLETE,1,1,1.0
BLOCK;ATRIAL,2,1,0.5
PACEMAKERIMPLANT/SDA,1,1,1.0
ACCIDENT;ARREST,1,1,1.0
ICH;ACUTE,1,1,1.0
FAILURE;ALTERED,3,1,0.3333333333333333
BLEED;ISCHEMIC,2,2,1.0
HYPERECLEMIA,1,1,1.0
LABS,1,1,1.0
DISSECTING,5,1,0.2
EPIGASTRIC,4,2,0.5
PAIN\ERCP,2,1,0.5
CENTER,3,1,0.3333333333333333
DISTRESS;LUNG,1,1,1.0
STONE,53,4,0.07547169811320754
GSW,1,1,1.0
L.,4,2,0.5
ABDOMEN,5,3,0.6
ACCIDENT;RIB,1,1,1.0
FRACTURES;INTRACRANIAL,2,1,0.5
PERIATAL,1,1,1.0
LYMPHOMA;FEVER,1,1,1.0
POLYTRAUMA;TELEMETRY,1,1,1.0
THROAT,10,1,0.1
"LFTS,",2,2,1.0
CANCER;CROHNS,1,1,1.0
SEPSIS;DISSEMINATED,1,1,1.0
INTRAVASCULAR,2,1,0.5
CLOTTING,1,1,1.0
SEPSIS;PNEUMONIA,2,1,0.5
DIAHRREA,1,1,1.0
SCHLEROSING,3,3,1.0
T-SPINE,3,1,0.3333333333333333
EXPOSED,2,1,0.5
HEMATOMA;CSPINE,1,1,1.0
FTT,6,3,0.5
ANEMIA/,2,1,0.5
TACHYCARDIA;CONGESTIVE,2,1,0.5
AFLUTTER;NEW,1,1,1.0
BLEED;UNRESPONSIVE;HYPOTENTION,1,1,1.0
ASCITES\REDO,3,3,1.0
POST-CARDIAC,1,1,1.0
PNEUMONIA;RENAL,5,2,0.4
ENCEPHALOPAHTY,2,2,1.0
ERYTHMATOSIS,2,1,0.5
"HYPOXIA,",2,2,1.0
"ARREST,",1,1,1.0
HEMMORHAGE,6,1,0.16666666666666666
THROMBOTIC,4,2,0.5
PUPURA,4,2,0.5
DIURETIC,1,1,1.0
RESISTANCE,1,1,1.0
ASCITIS,5,1,0.2
CHOLANGITIS;PANCREATITIS,2,2,1.0
INTRAPARENCHMAL,1,1,1.0
CIRRHOSIS;ACUTE,1,1,1.0
?OBSTRUCTION,2,2,1.0
INTESTINAL,470,46,0.09787234042553192
ENCEPHLOPATHIC;RIGHT,1,1,1.0
EFFUSION;ASCITIES,1,1,1.0
ATTEMPTED,1,1,1.0
VARICES,5,1,0.2
DISTAL,5,2,0.4
FIBRILLATION;+,2,2,1.0
ARREST;,13,4,0.3076923076923077
FEVER;COUGH,3,2,0.6666666666666666
VTACH;CONGESTIVE,1,1,1.0
FAILURE;ACUTE,3,2,0.6666666666666666
FAILURE;COLITIS,1,1,1.0
FRACTURE;S/P,2,1,0.5
DYSPNEA;,32,7,0.21875
NON-HODGKIN,2,2,1.0
ANEMIA;RENAL,4,2,0.5
FAILURE;ASCITES,5,3,0.6
SURGERY;,1,1,1.0
CONJESTIVE,2,1,0.5
CANCER;PNEUMONIA,1,1,1.0
PAIN;URINARY,2,1,0.5
INTRAPARANCHYMAL,4,1,0.25
INFECTION;PYELONEP,103,8,0.07766990291262135
SOB;NEW,1,1,1.0
CANCER;TRACHEAL,1,1,1.0
GASTROENTERITIS,6,2,0.3333333333333333
RESOLVED,1,1,1.0
DISSECTION\AORTIC,1,1,1.0
WITHDRAWAL;CIRRHOSIS,1,1,1.0
FREE,8,1,0.125
AIR,134,5,0.03731343283582089
FIBRILLATION\ICD,2,2,1.0
PNEUMONIA;HYPOTENSION,3,1,0.3333333333333333
HEMATOMA;SUBARACHNOID,3,1,0.3333333333333333
SYNDROME;,19,5,0.2631578947368421
BREATH;PLEURAL,1,1,1.0
INFARCTION;COLON,1,1,1.0
"MASS,",7,2,0.2857142857142857
PAIN;HYPOTENSION,3,1,0.3333333333333333
RT,3242,193,0.059531153608883405
LEUKEMIA;MYELODYSPLASTIC,1,1,1.0
SYNDROMES,2,1,0.5
FEVER;CHEST,3,2,0.6666666666666666
BIL.PLEURAL,1,1,1.0
HUMERUS,5,2,0.4
FRACTURE;RENAL,1,1,1.0
HEPATOBILIARY,1,1,1.0
"HYPONATREMIA,",2,1,0.5
HYPOTENSIOM,1,1,1.0
MYOCARDISAL,1,1,1.0
CRANIOTOMY,2,2,1.0
FAILURE;HEPATITIS,2,1,0.5
LIVE,287,54,0.18815331010452963
STENOSIS;HYPOTENSION;PULMONARY,1,1,1.0
COLITIS;INFECTION,1,1,1.0
DYSPNEA;LIVER,2,2,1.0
FAILURE;S/P,2,1,0.5
PNEUMOPERITONEM,1,1,1.0
MI\CARDIAC,6,2,0.3333333333333333
INFARCTION;VENTRICULAR,2,1,0.5
DIVERTICULAR,2,1,0.5
DISEASE\BILATERAL,2,1,0.5
MED,24,2,0.08333333333333333
THALAMIC,1,1,1.0
FEVER;PANCYTOPENIA;CHRONIC,1,1,1.0
LYMPHOCYTIC,1,1,1.0
HYPERKALEMIA;ACUTE,2,2,1.0
INFECTION;ACUTE,2,1,0.5
FAILURE;CIRRHOSIS,3,1,0.3333333333333333
TRACHEOESOPHEAL,1,1,1.0
PARAPLEGIA,2,1,0.5
LACERATION;RENAL,1,1,1.0
CIRRHOSIS;ASCITES;R/O,1,1,1.0
FIBRILLATION;DECREASED,1,1,1.0
EJECTION,6,1,0.16666666666666666
ANOXIC,1,1,1.0
INTRANCRANIAL,1,1,1.0
OVERLOAD;?INFECTION;SHORTNESS,2,2,1.0
SYNDROME;ENCEPHALOPATHY,2,2,1.0
"CHANGE,SHOCK",1,1,1.0
HYPOTENSION;SEPSIS,5,4,0.8
DECOMPENSATED,2,1,0.5
WEAKNESS;DEMENTIA,1,1,1.0
TRANSFUSION,2,1,0.5
HCAP;RIGHT,2,2,1.0
FAILURE;ANASARCA,1,1,1.0
FITTING,1,1,1.0
CIRRHOSIS;LOWER,1,1,1.0
DYSPNEA;EDEMA,1,1,1.0
WALL;HERNIA,1,1,1.0
DOWN;ALTERED,1,1,1.0
DISCOMFORT/,1,1,1.0
INFACTION,2,1,0.5
COLITIS;DEHYDRATION,1,1,1.0
ENDOVASCULAR,6,1,0.16666666666666666
CANCER;SEVERE,2,2,1.0
MUCUSITIS,2,2,1.0
COLIC;,1,1,1.0
FALL;MULTITRAUMA,2,2,1.0
SORE,4,1,0.25
CELLULITIS;,18,2,0.1111111111111111
MOTORCYCLE,5,1,0.2
FRACTURE;RETROPERITONEAL,1,1,1.0
STEMI;,7,2,0.2857142857142857
FRX,2,1,0.5
ABNORMALITIES;CANCER,1,1,1.0
HYPOXIA;PLEURAL,2,1,0.5
ANEMIA;ACUTE,1,1,1.0
DYSPNEA;HYPOXIA,3,1,0.3333333333333333
MAINSTREAM,1,1,1.0
ELBOW,5,3,0.6
BLAST,6,3,0.5
CRISIS;HYPERKALEMIA,1,1,1.0
"HYPOXIA,HYPOTENSION",1,1,1.0
ONSET,2,1,0.5
CHANGES;ACIDOSIS,1,1,1.0
UTI;PYELONEPHRITIS,5,2,0.4
FAILURE;MENTAL,1,1,1.0
CONSTIPATION,3,1,0.3333333333333333
KNEE/SDA,2,1,0.5
MASSIVE,3,1,0.3333333333333333
PNEUMOTHORAX;PEA,1,1,1.0
PUPURA;?,1,1,1.0
STUMP,2,1,0.5
MULTITRAUMA,6,3,0.5
DISTENTION;RESPIRATORY,1,1,1.0
VEGETATION,1,1,1.0
PNEUMONIA;SEPSIS;LYMPHOMA,1,1,1.0
ARDS,4,2,0.5
EMBOLIS;URINARY,1,1,1.0
DEFECT;RIGHT,1,1,1.0
SHUNT\CARDIAC,1,1,1.0
PANCREATITIS;CHRONIC,1,1,1.0
CHOLEDOCOLITHIASIS,1,1,1.0
?CORD,1,1,1.0
MR,7,1,0.14285714285714285
FAILURE;LEAKING,1,1,1.0
J,158,13,0.08227848101265822
EXTREMITES;INFECTED,1,1,1.0
FAILURE;CORONARY,5,2,0.4
HEMORRHAGE;ENDOCARDITIS,1,1,1.0
DIARRHEA;ACUTE,1,1,1.0
"PANCREATITIS,",2,1,0.5
NAUSEA;VOMITING;DIARRHEA,3,2,0.6666666666666666
BLEED;DEHYDRATION;METASTATIC,1,1,1.0
FRACTURE;ELBOW,2,2,1.0
FEVER/SYNCOPE,1,1,1.0
GANGRENE;CHEST,1,1,1.0
PONTINE,2,1,0.5
PANCREATITS,1,1,1.0
LOCALIZED,1,1,1.0
ADIPOSITY/SDA,1,1,1.0
HYPERGLYCEMIA;CONGESTIVE,1,1,1.0
EXCERBATION,2,1,0.5
FAILURE;DIALYSIS,1,1,1.0
MYCOARDIAL,3,1,0.3333333333333333
INFRACTION,1,1,1.0
HYPOXIA;,19,4,0.21052631578947367
HYPOTENSION;ACITIES,1,1,1.0
APML,2,2,1.0
INFARCTION;S/P,2,2,1.0
INTUBATION,1,1,1.0
PAIN;NON-Q-WAVE,1,1,1.0
"BLEED,SPONTANEOUS",1,1,1.0
155.0\RADIOFREQUENCY,1,1,1.0
COMPRESSION;ATRIAL,1,1,1.0
SEPATIC,1,1,1.0
ENCEPHALAPATHY,1,1,1.0
FALL;CONFUSION,2,1,0.5
DYSPNEA;HEMOPTYSIS,1,1,1.0
LEUKEMIA;HYPOTENSION,1,1,1.0
FEVER;PNEUMONIA,2,1,0.5
ENDOSCOPY\EUS,1,1,1.0
ASCITES;,6,3,0.5
FIBRILATION,5,1,0.2
AORLTIC,1,1,1.0
SHOCK;CARDIAC,1,1,1.0
STEMI;HEAD,1,1,1.0
STROKE;TELEMETRY;,249,45,0.18072289156626506
HYPOTENSION;PULMONARY,2,2,1.0
CRASH;LEG,1,1,1.0
FLUTTER\ATRIAL,2,1,0.5
HEMORRHAGE;RESPIRTORY,1,1,1.0
PSEUDOANEURYSM/SDA,1,1,1.0
HYPONATREMIA;SEIZURE,1,1,1.0
SIRS,2,1,0.5
SEPSIS;CHOLANGITIS,2,1,0.5
CANCER\CHEMO,3,1,0.3333333333333333
EMBOLIZATION,3,1,0.3333333333333333
FAILURE;ARDS,1,1,1.0
LEUKOCYTOSIS;DEHYDRATION;,1,1,1.0
HYPERTENSION;,11,3,0.2727272727272727
"RABDO,RESPIRATORY",1,1,1.0
CHOLANGITIS;GASTROINTESTINAL,1,1,1.0
CREST,1,1,1.0
CLOGGED,1,1,1.0
DOBOFF,1,1,1.0
OUTLET,3,1,0.3333333333333333
MEGACOLON;TELEMETRY,1,1,1.0
SEPSIS;?SBP,1,1,1.0
LYMPHOMA;HYPERTENSION,1,1,1.0
FAILURE;COPD,2,1,0.5
DISEASE\ANGIOPLASTY;STENT,1,1,1.0
ARREST;UPPER,1,1,1.0
VISCERA,2,1,0.5
FAILURE;METASTATIC,1,1,1.0
BREATH;RESPIRATORY,1,1,1.0
ADVANCED,2,2,1.0
"NSTEMI,",1,1,1.0
ANUERYSM,6,1,0.16666666666666666
DIARRHEA;DEHYDRATION,3,1,0.3333333333333333
INTRA-ABD,5,3,0.6
FAILURE;SYNCOPE;TELEMETRY,1,1,1.0
ASTHMA/,45,4,0.08888888888888889
HYPOTENSION;SEPSIS;PERICARDIAL,1,1,1.0
STATUS;SEIZURE,1,1,1.0
DISSECTION;STROKE,1,1,1.0
/TIA,60,16,0.26666666666666666
ROLLOVER;SUBDURAL,1,1,1.0
HYPOTENSION;SUBARACHNOID,1,1,1.0
SICK,7,1,0.14285714285714285
SYNDROME\PACEMAKER,1,1,1.0
"CONFUSION,",2,2,1.0
HYPERCALEMIA,1,1,1.0
PAIN;ACUTE,1,1,1.0
HYPERTENSION;GALLSTONE,1,1,1.0
EMBOLI;HYPOXIA,1,1,1.0
TACHYCARDIA;ABDOMINAL,1,1,1.0
PNEUMONIA;HYPERTENSION;DEPRESSION,1,1,1.0
PNA/RF,1,1,1.0
HYPERNATREMIA;CONGESTIVE,1,1,1.0
GRAFT;?,1,1,1.0
AVR:,1,1,1.0
ACENDING,2,1,0.5
ARREST;GI,1,1,1.0
F,5512,537,0.09742380261248186
FAILURE;HYPOXIA,1,1,1.0
FAILURE;PNEUMONIA;RESPIRATORY,1,1,1.0
HYPONATREMIA;,20,4,0.2
HEMORRHAGE;RUPTURED,1,1,1.0
PNEUMONIA;S/P,1,1,1.0
SPINE;,2,2,1.0
HEMORRHAGE;INTRACRANIAL,1,1,1.0
SKULLTUMOR,1,1,1.0
BLEED;PNEUMONIA,3,1,0.3333333333333333
DYSPNEA;CIRRHOSIS,1,1,1.0
CHOLANGITIS;DISTAL,1,1,1.0
12-AQV,1,1,1.0
AORTICSTENOSIS;,1,1,1.0
INJURY;RESPIRATORY,1,1,1.0
HL;R/O,2,2,1.0
HYPERKALEMIA;METASTATIC,1,1,1.0
FIBRILLATION;CORONARY,1,1,1.0
VERAPAMIL,1,1,1.0
RASP,2,1,0.5
BMT,1,1,1.0
UTI/,24,2,0.08333333333333333
HEMOTHORAX;EMPYEMA,1,1,1.0
CARREST,1,1,1.0
HEMOPTYSIS;PULM,2,1,0.5
HEMORRAHGE,1,1,1.0
